dealership,state,city,channel,url,source
Greenway CDJR of Anniston,AL,Anniston,Website,https://www.greenwaycdjrofanniston.com/,sheet
Greenway CDJR of Anniston,AL,Anniston,Facebook,https://www.facebook.com/GreenwayCDJRanniston,sheet
Greenway CDJR of Anniston,AL,Anniston,Instagram,https://www.instagram.com/greenwaycdjranniston/,web-2026-08-22
Greenway CDJR of Anniston,AL,Anniston,TikTok,https://www.tiktok.com/@greenway.cdjr.anniston,web-2026-08-22
Greenway Hyundai of Decatur,AL,Decatur,Website,https://www.greenwayhyundaiofdecatur.com/,sheet
Greenway Hyundai of Decatur,AL,Decatur,Facebook,https://www.facebook.com/hyundaiofdecatur/,sheet
Greenway Hyundai of Decatur,AL,Decatur,Instagram,https://www.instagram.com/decaturhyundai/,sheet
Greenway Hyundai of Decatur,AL,Decatur,X,https://x.com/HyundaiDecatur,sheet
Greenway Hyundai of Decatur,AL,Decatur,TikTok,NO ACCOUNT FOUND,web-2026-08-22
Opelika Ford Chrysler,AL,Opelika,Website,https://www.opelikafordchrysler.com/,sheet
Opelika Ford Chrysler,AL,Opelika,Website (alt),https://www.opelika-ford.com/,web-2026-08-22
Opelika Ford Chrysler,AL,Opelika,Facebook,https://www.facebook.com/Opelika-Ford-347201788715930/,sheet
Opelika Ford Chrysler,AL,Opelika,Facebook (2nd),https://www.facebook.com/opelikaCDJRdealer,web-2026-08-22
Opelika Ford Chrysler,AL,Opelika,Facebook (3rd),https://www.facebook.com/p/Opelika-Ford-CDJR-100063496604806/,web-2026-08-22
Opelika Ford Chrysler,AL,Opelika,Instagram,NO ACCOUNT FOUND,web-2026-08-22
Opelika Ford Chrysler,AL,Opelika,TikTok,NO ACCOUNT FOUND,web-2026-08-22
Greenway Kia of Riverchase,AL,Pelham,Website,https://www.greenwaykiariverchase.com/,sheet
Greenway Kia of Riverchase,AL,Pelham,Facebook,https://www.facebook.com/GreenwayKiaofRiverchase/,sheet
Greenway Kia of Riverchase,AL,Pelham,Facebook (2nd),https://www.facebook.com/RiverchaseKiaAL/,web-2026-08-22
Greenway Kia of Riverchase,AL,Pelham,Instagram,https://www.instagram.com/riverchasekia/,sheet
Greenway Kia of Riverchase,AL,Pelham,LinkedIn,https://www.linkedin.com/company/riverchase-kia,sheet
Greenway Kia of Riverchase,AL,Pelham,X,https://twitter.com/riverchasekia,sheet
Greenway Kia of Riverchase,AL,Pelham,YouTube,https://www.youtube.com/c/RiverchaseKiaPelham,web-2026-08-22
Greenway Kia of Riverchase,AL,Pelham,TikTok,NO ACCOUNT FOUND,web-2026-08-22
Team One Chevrolet of Gadsden,AL,Gadsden,Website,https://www.chevroletofgadsden.net/,sheet
Team One Chevrolet of Gadsden,AL,Gadsden,Facebook,https://www.facebook.com/ChevroletofGadsden/,sheet
Team One Chevrolet of Gadsden,AL,Gadsden,TikTok,https://www.tiktok.com/@teamonechevroletgadsden,sheet
Team One Chevrolet of Gadsden,AL,Gadsden,Instagram,NO ACCOUNT FOUND,web-2026-08-22
Team One CDJR of Gadsden,AL,Gadsden,Website,https://www.team1dodge.net/,sheet
Team One CDJR of Gadsden,AL,Gadsden,Website (alt),https://www.team1cdjr.com/,web-2026-08-22
Team One CDJR of Gadsden,AL,Gadsden,Facebook,https://www.facebook.com/CDJRofGadsden/,sheet
Team One CDJR of Gadsden,AL,Gadsden,YouTube,https://www.youtube.com/user/ChryslerofGadsden,sheet
Team One CDJR of Gadsden,AL,Gadsden,Instagram,NO ACCOUNT FOUND,web-2026-08-22
Team One CDJR of Gadsden,AL,Gadsden,TikTok,NO ACCOUNT FOUND,web-2026-08-22
Team One Hyundai of Gadsden,AL,Rainbow City,Website,https://www.hyundaiofgadsden.com/,sheet
Team One Hyundai of Gadsden,AL,Rainbow City,Facebook,https://www.facebook.com/hyundaiofgadsden/,sheet
Team One Hyundai of Gadsden,AL,Rainbow City,LinkedIn,https://www.linkedin.com/company/team-one-hyundai-of-gadsden,web-2026-08-22
Team One Hyundai of Gadsden,AL,Rainbow City,Instagram,NO ACCOUNT FOUND,web-2026-08-22
Team One Hyundai of Gadsden,AL,Rainbow City,TikTok,NO ACCOUNT FOUND,web-2026-08-22
Team One Nissan of Albertville,AL,Albertville,Website,https://www.nissanofalbertville.net/,sheet
Team One Nissan of Albertville,AL,Albertville,Facebook,https://www.facebook.com/albertvillenissan/,sheet
Team One Nissan of Albertville,AL,Albertville,Facebook (salesperson),https://www.facebook.com/Ro4Nissan/,web-2026-08-22
Team One Nissan of Albertville,AL,Albertville,YouTube,https://www.youtube.com/@NissanofAlbertville,web-2026-08-22
Team One Nissan of Albertville,AL,Albertville,Instagram,NO ACCOUNT FOUND,web-2026-08-22
Team One Nissan of Albertville,AL,Albertville,TikTok,NO ACCOUNT FOUND,web-2026-08-22
Team One Toyota,AL,Rainbow City,Website,https://www.teamonetoyota.com/,sheet
Team One Toyota,AL,Rainbow City,Facebook,https://www.facebook.com/teamonetoyota,sheet
Team One Toyota,AL,Rainbow City,Instagram,https://www.instagram.com/teamonetoyota/,web-2026-08-22
Team One Toyota,AL,Rainbow City,YouTube,https://www.youtube.com/channel/UClQGSSU2v9D-ZLxqYgxtHaQ,web-2026-08-22
Team One Toyota,AL,Rainbow City,TikTok,NO ACCOUNT FOUND,web-2026-08-22
University Kia,AL,Huntsville,Website,https://www.universitykia.com/,sheet
University Kia,AL,Huntsville,Facebook,https://www.facebook.com/universitykiahsv,sheet
University Kia,AL,Huntsville,Instagram (OLD ACCOUNT - now displays as Huntsville Kia),https://www.instagram.com/universitykiahuntsville/,web-2026-08-22
University Kia,AL,Huntsville,X,https://twitter.com/universitykiah,sheet
University Kia,AL,Huntsville,YouTube,https://www.youtube.com/channel/UCkfV2DFA1zytx0U6Lg8X3VA,sheet
University Kia,AL,Huntsville,TikTok,NO ACCOUNT FOUND,web-2026-08-22
Greenway Alfa Romeo of East Orlando,FL,Orlando,Website,https://www.alfaromeousaofeastorlando.com/,sheet
Greenway Alfa Romeo of East Orlando,FL,Orlando,Facebook (shared with FIAT),https://www.facebook.com/GreenwayFiatAlfaOrlando,sheet
Greenway Alfa Romeo of East Orlando,FL,Orlando,Instagram (shared with FIAT),https://www.instagram.com/greenwayitalianimports/,web-2026-08-22
Greenway Alfa Romeo of East Orlando,FL,Orlando,TikTok,NO ACCOUNT FOUND,web-2026-08-22
Greenway FIAT of East Orlando,FL,Orlando,Website,https://www.fiatusaofeastorlando.com/,sheet
Greenway FIAT of East Orlando,FL,Orlando,Facebook (shared with Alfa),https://www.facebook.com/GreenwayFiatAlfaOrlando,sheet
Greenway FIAT of East Orlando,FL,Orlando,Instagram (shared with Alfa),https://www.instagram.com/greenwayitalianimports/,web-2026-08-22
Greenway FIAT of East Orlando,FL,Orlando,TikTok,NO ACCOUNT FOUND,web-2026-08-22
Greenway Dodge Chrysler Jeep RAM,FL,Orlando,Website,https://www.greenwaychryslerjeepdodge.net/,sheet
Greenway Dodge Chrysler Jeep RAM,FL,Orlando,Facebook,https://www.facebook.com/GreenwayDodgeChryslerJeep/,sheet
Greenway Dodge Chrysler Jeep RAM,FL,Orlando,Instagram,https://www.instagram.com/greenway_dodge/,sheet
Greenway Dodge Chrysler Jeep RAM,FL,Orlando,X,https://x.com/greenway_cjdr,sheet
Greenway Dodge Chrysler Jeep RAM,FL,Orlando,TikTok,NO ACCOUNT FOUND,web-2026-08-22
Greenway Ford Orlando,FL,Orlando,Website,https://www.greenwayford.com/,sheet
Greenway Ford Orlando,FL,Orlando,Facebook,https://www.facebook.com/GreenwayFordOrlando/,sheet
Greenway Ford Orlando,FL,Orlando,Instagram,https://www.instagram.com/greenwayfordorlando/,sheet
Greenway Ford Orlando,FL,Orlando,TikTok,https://www.tiktok.com/@greenwayfordorlando,sheet
Greenway Hyundai Orlando,FL,Orlando,Website,https://www.greenwayhyundaiorlando.com/,sheet
Greenway Hyundai Orlando,FL,Orlando,Facebook,https://www.facebook.com/GreenwayHyundaiOrlando,sheet
Greenway Hyundai Orlando,FL,Orlando,Instagram (handle A - per sheet),https://www.instagram.com/greenway_hyundai_orlando,sheet
Greenway Hyundai Orlando,FL,Orlando,Instagram (handle B - CONFLICT resolve),https://www.instagram.com/greenwayhyundaiorlando/,web-2026-08-22
Greenway Hyundai Orlando,FL,Orlando,YouTube,https://www.youtube.com/@greenwayhyundaiorlando1783,sheet
Greenway Hyundai Orlando,FL,Orlando,TikTok,NO STORE ACCOUNT - salesperson @drivewithgigi only,web-2026-08-22
Orlando Genesis,FL,Orlando,Website,https://www.genesisoforlando.com/,sheet
Orlando Genesis,FL,Orlando,Facebook,https://www.facebook.com/GreenwaysGenesisofOrlando,sheet
Orlando Genesis,FL,Orlando,Instagram (UNCONFIRMED - may be a different rooftop),https://www.instagram.com/genesisnorthorlando/,web-2026-08-22
Orlando Genesis,FL,Orlando,TikTok,NO ACCOUNT FOUND,web-2026-08-22
Greenway Kia East,FL,Orlando,Website,https://www.greenwaykiaeast.com/,sheet
Greenway Kia East,FL,Orlando,Facebook,https://www.facebook.com/GreenwayKiaEast,sheet
Greenway Kia East,FL,Orlando,Instagram,https://www.instagram.com/greenway_kia_east/,sheet
Greenway Kia East,FL,Orlando,YouTube,https://www.youtube.com/channel/UCj2zNtJosbunMMB0BwV88og,sheet
Greenway Kia East,FL,Orlando,TikTok,NO ACCOUNT FOUND,web-2026-08-22
Greenway Kia West,FL,Orlando,Website,https://www.greenwaykiawest.com/,sheet
Greenway Kia West,FL,Orlando,Facebook,https://www.facebook.com/GreenwayKiaWest/,sheet
Greenway Kia West,FL,Orlando,Instagram,https://www.instagram.com/Greenway_kia_west/,sheet
Greenway Kia West,FL,Orlando,TikTok,https://www.tiktok.com/@greenwaykiawest,sheet
Greenway Kia West,FL,Orlando,YouTube,https://www.youtube.com/@GreenwayKiaWest,sheet
Greenway Kia North,FL,Longwood,Website,https://www.greenwaykianorth.com/,sheet
Greenway Kia North,FL,Longwood,Facebook,https://www.facebook.com/GreenwayKiaNorth/,sheet
Greenway Kia North,FL,Longwood,Instagram,https://www.instagram.com/greenway_kia_northorlando/,sheet
Greenway Kia North,FL,Longwood,TikTok,https://www.tiktok.com/@greenwaykianorth,sheet
Greenway Kia North,FL,Longwood,YouTube,https://www.youtube.com/@greenwaykianorthfl,sheet
Greenway Kia West Palm Beach [PILOT],FL,West Palm Beach,Website,https://www.greenwaykiawestpalmbeach.com/,sheet
Greenway Kia West Palm Beach [PILOT],FL,West Palm Beach,Facebook,https://www.facebook.com/GreenwayKiaWestPalmBeach,sheet
Greenway Kia West Palm Beach [PILOT],FL,West Palm Beach,Facebook (2nd/duplicate),https://www.facebook.com/greenwaykiawpb/,sheet
Greenway Kia West Palm Beach [PILOT],FL,West Palm Beach,Instagram,https://www.instagram.com/greenwaykiawpb/,sheet
Greenway Kia West Palm Beach [PILOT],FL,West Palm Beach,TikTok,https://www.tiktok.com/@greenwaykiawestpalmbeach,sheet
Greenway Kia West Palm Beach [PILOT],FL,West Palm Beach,X,https://x.com/wpb_kia,sheet
Greenway Kia West Palm Beach [PILOT],FL,West Palm Beach,LinkedIn,https://www.linkedin.com/company/greenway-kia-west-palm-beach,sheet
Greenway Kia West Palm Beach [PILOT],FL,West Palm Beach,DealerRater,https://www.dealerrater.com/dealer/Greenway-Kia-West-Palm-Beach-review-40377/,sheet
Greenway Kia West Palm Beach [PILOT],FL,West Palm Beach,YouTube,NO ACCOUNT FOUND,web-2026-08-22
Greenway Kia at the Avenues [PILOT],FL,Jacksonville,Website,https://www.greenwaykiaattheavenues.com/,sheet
Greenway Kia at the Avenues [PILOT],FL,Jacksonville,Facebook,https://www.facebook.com/GreenwayKiaAtTheAvenues/,sheet
Greenway Kia at the Avenues [PILOT],FL,Jacksonville,Instagram,https://www.instagram.com/greenwaykiajax/,sheet
Greenway Kia at the Avenues [PILOT],FL,Jacksonville,Instagram (unauthorized duplicate),https://www.instagram.com/greenwaykia.jax/,sheet
Greenway Kia at the Avenues [PILOT],FL,Jacksonville,TikTok,https://www.tiktok.com/@greenwaykiajax,sheet
Greenway Kia at the Avenues [PILOT],FL,Jacksonville,YouTube,NO ACCOUNT FOUND,web-2026-08-22
Winter Haven Honda,FL,Winter Haven,Website,https://www.winterhavenhonda.com/,sheet
Winter Haven Honda,FL,Winter Haven,Facebook,https://www.facebook.com/winterhavenhonda/,sheet
Winter Haven Honda,FL,Winter Haven,Instagram,https://www.instagram.com/winterhavenhonda/,sheet
Winter Haven Honda,FL,Winter Haven,X,https://twitter.com/WHHondaFL,sheet
Winter Haven Honda,FL,Winter Haven,YouTube,https://www.youtube.com/@winterhavenhonda4184,web-2026-08-22
Winter Haven Honda,FL,Winter Haven,TikTok,NO ACCOUNT FOUND,web-2026-08-22
Veterans Ford,FL,Tampa,Website,https://veteransfordtampa.com/,sheet
Veterans Ford,FL,Tampa,Facebook,https://www.facebook.com/veteransfordtampa/,sheet
Veterans Ford,FL,Tampa,Instagram (site-linked),https://www.instagram.com/veteransford1/,sheet
Veterans Ford,FL,Tampa,Instagram (2nd - larger),https://www.instagram.com/veteransfordtampa/,sheet
Veterans Ford,FL,Tampa,TikTok,https://www.tiktok.com/@veteransford_,web-2026-08-22
Veterans Ford,FL,Tampa,X,https://twitter.com/veterans_ford,sheet
Veterans Ford,FL,Tampa,YouTube,https://www.youtube.com/c/VeteransFord,web-2026-08-22
Automotive Financial of America,FL,Orlando,Website,https://www.afoainc.com/,sheet
Automotive Financial of America,FL,Orlando,Facebook,NO ACCOUNT - finance office not a dealership,sheet
Automotive Financial of America,FL,Orlando,Instagram,NO ACCOUNT - finance office not a dealership,sheet
Automotive Financial of America,FL,Orlando,TikTok,NO ACCOUNT - finance office not a dealership,sheet
Greenway CDJR of Rome,GA,Rome,Website,https://www.greenwaycdjrofrome.com/,sheet
Greenway CDJR of Rome,GA,Rome,Facebook,https://www.facebook.com/GreenwayCDJRofRome,sheet
Greenway CDJR of Rome,GA,Rome,Instagram,https://www.instagram.com/greenwaycdjrofromega/,sheet
Greenway CDJR of Rome,GA,Rome,X,https://twitter.com/CdjrGa,sheet
Greenway CDJR of Rome,GA,Rome,TikTok,NO ACCOUNT FOUND,web-2026-08-22
Greenway Nissan of Brunswick,GA,Brunswick,Website,https://www.greenwaynissanbrunswick.com/,sheet
Greenway Nissan of Brunswick,GA,Brunswick,Facebook,https://www.facebook.com/GreenwayNissanBrunswick,sheet
Greenway Nissan of Brunswick,GA,Brunswick,Instagram,https://www.instagram.com/greenway_nissan_brunswick/,sheet
Greenway Nissan of Brunswick,GA,Brunswick,YouTube,https://www.youtube.com/@greenwaynissanbrunswick1513,web-2026-08-22
Greenway Nissan of Brunswick,GA,Brunswick,TikTok,NO ACCOUNT FOUND,web-2026-08-22
Greenway Ford Kansas City [PILOT],MO,Raytown,Website,https://www.greenwayfordkc.com/,sheet
Greenway Ford Kansas City [PILOT],MO,Raytown,Facebook,https://www.facebook.com/greenwayfordraytown,sheet
Greenway Ford Kansas City [PILOT],MO,Raytown,YouTube,https://www.youtube.com/@GreenwayFordofKansasCity-zw6sj,sheet
Greenway Ford Kansas City [PILOT],MO,Raytown,DealerRater,https://www.dealerrater.com/dealer/Greenway-Ford-review-29227/,sheet
Greenway Ford Kansas City [PILOT],MO,Raytown,Instagram,NO ACCOUNT FOUND,web-2026-08-22
Greenway Ford Kansas City [PILOT],MO,Raytown,TikTok,NO ACCOUNT FOUND,web-2026-08-22
Norristown CDJR,PA,Norristown,Website,https://www.norristownchryslerdodge.com/,sheet
Norristown CDJR,PA,Norristown,Facebook,https://www.facebook.com/NorristownCDJR/,sheet
Norristown CDJR,PA,Norristown,Instagram,NO ACCOUNT FOUND,web-2026-08-22
Norristown CDJR,PA,Norristown,TikTok,NO ACCOUNT FOUND,web-2026-08-22
Greenway Kia of Franklin,TN,Franklin,Website,https://www.greenwaykiafranklin.com/,sheet
Greenway Kia of Franklin,TN,Franklin,Facebook,https://www.facebook.com/GreenwayKiaofFranklin/,sheet
Greenway Kia of Franklin,TN,Franklin,Instagram,https://www.instagram.com/greenwaykiafranklintn/,sheet
Greenway Kia of Franklin,TN,Franklin,X,https://twitter.com/FranklinKia1,sheet
Greenway Kia of Franklin,TN,Franklin,LinkedIn,https://www.linkedin.com/company/greenway-kia-of-franklin,web-2026-08-22
Greenway Kia of Franklin,TN,Franklin,TikTok,NO ACCOUNT FOUND,web-2026-08-22
Greenway Kia Hickory Hollow [PILOT],TN,Antioch,Website,https://www.greenwaykiahickoryhollow.com/,sheet
Greenway Kia Hickory Hollow [PILOT],TN,Antioch,Facebook,https://www.facebook.com/greenwaykiahickoryhollow/,sheet
Greenway Kia Hickory Hollow [PILOT],TN,Antioch,Instagram,https://www.instagram.com/greenwaykiahh/,sheet
Greenway Kia Hickory Hollow [PILOT],TN,Antioch,TikTok,https://www.tiktok.com/@greenwaykia.hicko,sheet
Greenway Kia Hickory Hollow [PILOT],TN,Antioch,YouTube,https://www.youtube.com/channel/UC2mj-iNDvu6MQHpPhVnQYkw,sheet
Greenway Kia Hickory Hollow [PILOT],TN,Antioch,Pinterest,https://www.pinterest.com/GreenwayKIAHH/,sheet
Greenway Kia Hickory Hollow [PILOT],TN,Antioch,Facebook (legacy Universal Kia - dead),https://www.facebook.com/universalkiahickoryhollow,sheet
Greenway Kia Hickory Hollow [PILOT],TN,Antioch,X (legacy Universal Kia),https://x.com/UniversalKiahh,sheet
Greenway Kia Hickory Hollow [PILOT],TN,Antioch,Instagram (legacy Universal Kia),https://www.instagram.com/universalkiahh/,sheet
Greenway Kia of Rivergate [PILOT],TN,Madison,Website,https://www.greenwaykiarivergate.com/,sheet
Greenway Kia of Rivergate [PILOT],TN,Madison,Facebook,https://www.facebook.com/greenwaykiarivergate,sheet
Greenway Kia of Rivergate [PILOT],TN,Madison,Instagram,https://www.instagram.com/greenwaykiarivergate/,sheet
Greenway Kia of Rivergate [PILOT],TN,Madison,DealerRater,https://www.dealerrater.com/dealer/Greenway-Kia-of-Rivergate-review-26356/,web-2026-08-22
Greenway Kia of Rivergate [PILOT],TN,Madison,TikTok,NO ACCOUNT FOUND,web-2026-08-22
Greenway Kia of Rivergate [PILOT],TN,Madison,YouTube,NO ACCOUNT FOUND,web-2026-08-22
Frisco CDJR,TX,Frisco,Website,https://www.friscochryslerjeepdodgeram.com/,sheet
Frisco CDJR,TX,Frisco,Facebook,https://www.facebook.com/FriscoCDJR/,sheet
Frisco CDJR,TX,Frisco,Instagram,https://www.instagram.com/frisco_cdjr/,sheet
Frisco CDJR,TX,Frisco,TikTok,https://www.tiktok.com/@frisco_cdjrdealership,web-2026-08-22
Frisco CDJR,TX,Frisco,YouTube,https://www.youtube.com/@friscochryslerdodgejeepram8842,web-2026-08-22
Frisco CDJR,TX,Frisco,LinkedIn,https://www.linkedin.com/company/frisco-chrysler-dodge-jeep-ram/,sheet
Frisco CDJR,TX,Frisco,X,https://twitter.com/FriscoCDJR,sheet
Greenway Mazda,TX,Houston,Website,https://www.greenwaymazda.com/,sheet
Greenway Mazda,TX,Houston,Facebook,https://www.facebook.com/GreenwayMazda/,sheet
Greenway Mazda,TX,Houston,LinkedIn,https://www.linkedin.com/company/greenway-mazda,web-2026-08-22
Greenway Mazda,TX,Houston,Instagram,NO ACCOUNT FOUND,web-2026-08-22
Greenway Mazda,TX,Houston,TikTok,NO ACCOUNT FOUND,web-2026-08-22
Laredo Dodge Chrysler Jeep,TX,Laredo,Website,https://www.laredochryslerdodgejeep.com/,sheet
Laredo Dodge Chrysler Jeep,TX,Laredo,Facebook,https://www.facebook.com/LaredoDodge/,sheet
Laredo Dodge Chrysler Jeep,TX,Laredo,Instagram,https://www.instagram.com/laredododge/,sheet
Laredo Dodge Chrysler Jeep,TX,Laredo,YouTube,https://www.youtube.com/c/laredododge,web-2026-08-22
Laredo Dodge Chrysler Jeep,TX,Laredo,X,https://x.com/LaredoDodge,sheet
Laredo Dodge Chrysler Jeep,TX,Laredo,TikTok,NO ACCOUNT FOUND,web-2026-08-22
San Antonio CDJR,TX,San Antonio,Website,https://www.sanantoniododgechryslerjeepram.com/,sheet
San Antonio CDJR,TX,San Antonio,Facebook,https://www.facebook.com/SanAntonioDodge,sheet
San Antonio CDJR,TX,San Antonio,Instagram,https://www.instagram.com/sadodgejeepram/,sheet
San Antonio CDJR,TX,San Antonio,TikTok,https://www.tiktok.com/@sanantoniododgejeepram,sheet
San Antonio CDJR,TX,San Antonio,X,https://twitter.com/SanAntonioDCJR,sheet
Sunland Park CDJR,TX,El Paso,Website,https://www.sunlandparkjeepchryslerdodgeram.net/,sheet
Sunland Park CDJR,TX,El Paso,Facebook,https://www.facebook.com/sunlandparkdodgechryslerjeepram/,sheet
Sunland Park CDJR,TX,El Paso,X,https://twitter.com/SunlandParkCDJR,sheet
Sunland Park CDJR,TX,El Paso,YouTube,https://www.youtube.com/c/Sunlandparkdodge,sheet
Sunland Park CDJR,TX,El Paso,Instagram,NO ACCOUNT FOUND,web-2026-08-22
Sunland Park CDJR,TX,El Paso,TikTok,NO ACCOUNT FOUND,web-2026-08-22
