store_code,Store 01
store_name,Greenway Kia West Palm Beach
market,"West Palm Beach, FL"
gm,Mike Wangle
address_gmaps,"735 S Military Trl Ste C, West Palm Beach, FL 33415"
phone,(561) 433-1511
website,greenwaykiawestpalmbeach.com
gm_rating_gmaps,4.5
audit_date,2026-08-12

bucket,item,finding_or_blocker
Bucket 1 — Accounts & Access Inventory,Google Business Profile (GBP),"OBSERVED (public): Google Maps listing exists for “Greenway Kia West Palm Beach” with a live GBP owner-post stream (latest: Owner post on GBP listing: “Mid-Year Mega Sales Event Happening at Greenway Kia West Palm Beach!” — Jun 18, 2026). This shows listing-owner access is active on GBP, but does not confirm who holds it (store staff vs vendor) or tool used. TO VERIFY — request from client via Shannon McNeil."
Bucket 1 — Accounts & Access Inventory,Facebook,BLOCKER — Facebook page existence/ownership. Owner: Shannon McNeil. Needed: FB page URL + admin list (Meta Business Manager). FB blocks automated fetch — manual verification needed — 2026-08-12.
Bucket 1 — Accounts & Access Inventory,Instagram,BLOCKER — Instagram handle/ownership. Owner: Shannon McNeil. Needed: IG handle + access. IG blocks automated fetch — manual verification needed — 2026-08-12.
Bucket 1 — Accounts & Access Inventory,TikTok,BLOCKER — TikTok account/ownership. Owner: Shannon McNeil. Needed: TikTok handle + access. TikTok blocks automated fetch — manual verification needed — 2026-08-12.
Bucket 1 — Accounts & Access Inventory,YouTube,BLOCKER — YouTube channel/ownership. Owner: Shannon McNeil. Needed: channel URL + Studio access. Channel-level data requires Studio/API — manual verification needed — 2026-08-12.
Bucket 1 — Accounts & Access Inventory,Reddit,BLOCKER — Reddit presence/ownership. Owner: Shannon McNeil. Needed: any store-controlled u/ or r/ accounts. Reddit blocked automated search from this environment on 2026-08-12 — manual verification needed — 2026-08-12.
Bucket 1 — Accounts & Access Inventory,Cross-channel access & vendor split,"BLOCKER — accounts & access inventory. Owner: Shannon McNeil (store data/access, per CLIENT.md §8.1) and Shawn Vink (corporate IT/admin access where applicable). Needed: per-channel handles/URLs, active/inactive status, login access and admin-role list per account (Meta Business Manager, Google Business Profile, TikTok, YouTube, Reddit), and the split between store staff and outside vendors. This is the biggest Month 1 timeline risk; until it clears, no performance or ownership cell below can be verified. Public-page review only is possible without access."
Bucket 2 — Performance Baselines (per channel),All 6 channels — reach/impressions/engagement baselines,"BLOCKER — performance baselines. Owner: Shannon McNeil. Needed: native-insights access per channel (Meta Business Suite for FB/IG, TikTok Analytics, YouTube Studio, GBP Insights) granted per-account; corporate access via Shawn Vink where applicable. Platform notes: TikTok and Facebook block automated retrieval manual verification needed — 2026-08-12; YouTube channel-level data requires Studio/API access; GBP Insights requires listing-owner access. A failed fetch is not evidence an account does not exist."
Bucket 2 — Performance Baselines (per channel),Public-visible baseline (GBP),"OBSERVED (public): GBP listing rating 4.5/5 at audit date; full review count and Insights (searches, calls, direction requests) require listing-owner access — TO VERIFY — request from client via Shannon McNeil."
Bucket 2 — Performance Baselines (per channel),Public-visible baseline (YouTube/FB/IG/TikTok),"Follower/subscriber counts are public on YouTube, but channel-level data is blocked from automated fetch — manual verification needed — 2026-08-12. FB/IG/TikTok counts also blocked — manual verification needed — 2026-08-12. No numbers stated rather than inventing them."
"Bucket 3 — Reputation (Reddit, Google, DealerRater, Cars.com, Edmunds, Yelp)",Google reviews,OBSERVED (public): Google rating 4.5/5 on the store's Google Maps listing at audit date. Review count and review-response behavior not visible in Google Maps' limited view — require listing-owner access or manual review — TO VERIFY — request from client via Shannon McNeil/manual verification needed — 2026-08-12.
"Bucket 3 — Reputation (Reddit, Google, DealerRater, Cars.com, Edmunds, Yelp)",DealerRater,BLOCKED — DealerRater rating/review count/response count. DealerRater returned HTTP 403 (CloudFront) from this environment on 2026-08-12 — manual verification needed — 2026-08-12. DealerRater presence/absence is NOT confirmed either way.
"Bucket 3 — Reputation (Reddit, Google, DealerRater, Cars.com, Edmunds, Yelp)",Cars.com,BLOCKED — Cars.com rating/review count. Cars.com blocked automated fetch from this environment on 2026-08-12 — manual verification needed — 2026-08-12.
"Bucket 3 — Reputation (Reddit, Google, DealerRater, Cars.com, Edmunds, Yelp)",Edmunds,BLOCKED — Edmunds rating/review count. Edmunds blocked automated fetch from this environment on 2026-08-12 — manual verification needed — 2026-08-12.
"Bucket 3 — Reputation (Reddit, Google, DealerRater, Cars.com, Edmunds, Yelp)",Yelp,BLOCKED — Yelp rating/review count. Yelp blocked automated fetch from this environment on 2026-08-12 — manual verification needed — 2026-08-12.
"Bucket 3 — Reputation (Reddit, Google, DealerRater, Cars.com, Edmunds, Yelp)",Reddit,"ABSENCE-OBSERVED (framed as absence, not complaints): no organic Reddit footprint for “Greenway Kia West Palm Beach” was retrievable programmatically — Reddit blocked automated search on 2026-08-12 (manual verification needed — 2026-08-12). Per operator context, four of five rooftops have no organic Reddit footprint and zero dealership responses to public complaints — to be confirmed per-store via manual Reddit check + Apify scraper once MCP access is granted."
"Bucket 3 — Reputation (Reddit, Google, DealerRater, Cars.com, Edmunds, Yelp)",Review-response pattern,"STRUCTURAL FINDING (operator context, confirm in audit): named individual staff drive nearly all positive reviews at every rooftop — a dependency on staff members, not the store brand (CLIENT.md §9). Hold for one-on-one GM conversation; frame as absence, not complaint list."
Bucket 4 — Search Presence,Exact brand+market query,"OBSERVED (public): searching Google Maps for the store name “Greenway Kia West Palm Beach” returns the store's own listing as the top/only business result with address, phone, and website — the store surfaces for its exact brand + market on Google Maps. [S01]"
Bucket 4 — Search Presence,Generic category query (map pack),"Generic query test (e.g., “Kia dealer near [market]”) blocked — Google web search returned an anti-bot page from this environment on 2026-08-12 (manual verification needed — 2026-08-12). Map-pack position for generic category queries: TO VERIFY via manual search or a research tool (Exa/Apify) once granted."
Bucket 4 — Search Presence,Website,Website from listing: greenwaykiawestpalmbeach.com (verified on the Google Maps listing panel). Website/site-search standing TO VERIFY — Google search blocked this session (manual verification needed — 2026-08-12).
Bucket 5 — Competitive Benchmarking (local market),Competitor set (per-market),"BLOCKED this session — Google/Bing/DDG web search all returned anti-bot or captcha pages from this environment on 2026-08-12 (manual verification needed — 2026-08-12); DealerRater also blocked (HTTP 403). Competitor list for West Palm Beach, FL (Kia dealers in the Palm Beach metro for Store 01; Kia dealers in the Jacksonville metro for Store 02; Kia dealers in the Nashville metro for Stores 03–04; Ford dealers in the Kansas City metro for Store 05) and their Google ratings are TO VERIFY — request research re-run with Exa/Apify MCP once granted, or manual check."
Bucket 5 — Competitive Benchmarking (local market),Benchmark context,"Benchmarks for scoring are ready in audit/BENCHMARKS.md (BrightLocal 2026 review study; Rival IQ 2025 engagement trends — [S04]). These are directional, not pass/fail."
Bucket 6 — Current Operations Workflow,"Current poster(s), tool(s), cadence","BLOCKER — operations workflow (who posts today, with what tool, on what cadence). Owner: Shannon McNeil. Needed: store answers (per CLIENT.md §8) on current poster(s), tool(s) (Sprout/other scheduler or native app), posting cadence per channel, and whether a vendor currently manages any account."
Bucket 6 — Current Operations Workflow,Public signal (GBP posting),"OBSERVED (public): the GBP listing for “Greenway Kia West Palm Beach” has recent owner posts (latest: Owner post on GBP listing: “Mid-Year Mega Sales Event Happening at Greenway Kia West Palm Beach!” — Jun 18, 2026), which means someone with listing-owner access posts to Google regularly. Who posts, with what tool (Sprout or other), and on what cadence per channel — TO VERIFY — request from client via Shannon McNeil."
Bucket 1 — Accounts & Access Inventory,Sprout connectivity,"OPERATOR-PROVIDED 2026-08-25 (source: `_source/channel-sprout-connectivity_shannon_2026-08-25.md`). CONNECTED to Sprout: GA4 'Kia West Palm Beach - GA4' + GA4 'Kia West Palm Beach Spanish - GA4'. NOT connected (5 to connect): Facebook Main (greenwaykiawpb), Facebook Events Page (GreenwayKiaWestPalmBeach), Instagram (greenwaykiawpb), TikTok (@greenwaykiawestpalmbeach), TikTok (@greenwaykiawpb). Store 01 is the only pilot store whose main FB is not yet in Sprout (baseline 08-24). Approx. twice the Sprout-connect load of any other store = setup/onboarding load signal (see expansion-signals.md). Accessibility/ownership: FB Business Manager owner access (Shawn calling Mike Wangle) + IG/TikTok credentials — TO VERIFY via Shannon."
Bucket 5 — Competitive Benchmarking (local market),Competitive analysis,"Competitor set NOT captured (GM Mike Wangle pending — request via Shannon McNeil). Per-store trends/what-works/what-doesn't/complaints consolidated in audit/COMPETITIVE_ANALYSIS.md §Store 01. No competitor names invented; no competitor data verified for this market."
Bucket 5 — Competitive Benchmarking (local market),Competitor complaints,"NOT CAPTURED — no competitor set, so no competitor reviews retrieved. TO VERIFY — request West Palm Beach Kia / cross-shopped competitor names from GM Mike Wangle via Shannon McNeil. Frame as absence/opportunity, never a complaint list."
